id,topic,headline,body,source,published_at
1,string,String Theory Technologies Raises $450M in Series D Funding,"String Theory Technologies, a quantum computing startup, announced today it has secured $450 million in Series D funding led by Sequoia Capital and Andreessen Horowitz. The company plans to use the funds to expand its research into string-based quantum processors and hire 200 additional engineers.",synthetic_claude,2025-02-18T09:15:00Z
2,string,Global String Prices Surge 23% Amid Supply Chain Disruptions,"Industrial string and cordage prices have jumped 23% in the past month as manufacturers face raw material shortages and shipping delays. The price increase is affecting industries from packaging to textiles, with analysts predicting further volatility through Q2.",synthetic_claude,2025-03-22T14:30:00Z
3,string,"String Instruments Market Expected to Hit $8.2B by 2027, Report Says","A new market research report projects the global string instruments market will reach $8.2 billion by 2027, growing at a CAGR of 4.8%. Rising interest in classical music education and premium guitar sales in emerging markets are driving the expansion.",synthetic_claude,2025-04-10T11:45:00Z
4,string,BioString Corp Shares Plunge 31% After Failed Clinical Trial,"BioString Corporation's stock tumbled 31% in morning trading after the company announced its lead drug candidate failed to meet primary endpoints in a Phase III trial. The biotechnology firm, which specializes in string-protein therapies, saw $2.3 billion in market value erased.",synthetic_claude,2025-05-05T13:20:00Z
5,string,China's String Manufacturing Sector Contracts for Third Consecutive Month,"China's string and cordage manufacturing PMI fell to 47.2 in May, marking the third straight month of contraction. Weak domestic demand and increased competition from Southeast Asian producers are weighing on the sector, according to the National Bureau of Statistics.",synthetic_claude,2025-06-02T08:00:00Z
6,string,StringNet Solutions Acquires Competitor FiberLink for $1.2 Billion,"StringNet Solutions announced it will acquire rival FiberLink Technologies in an all-cash deal valued at $1.2 billion. The merger will create the world's largest producer of industrial synthetic strings and is expected to close in Q4 pending regulatory approval.",synthetic_claude,2025-07-15T16:10:00Z
7,string,Federal Reserve Report Highlights String Inflation as Key CPI Driver,"The Federal Reserve's monthly economic report identified string and cordage products as a significant contributor to June's elevated CPI reading. String prices have increased 18% year-over-year, affecting consumer goods from clothing to sporting equipment.",synthetic_claude,2025-07-28T10:30:00Z
8,string,Japanese String Maker Yamada Industries Plans $300M US Factory,"Yamada Industries, Japan's leading string manufacturer, announced plans to build a $300 million production facility in Tennessee, creating 450 jobs. The plant will produce high-performance synthetic strings for automotive and aerospace applications starting in 2027.",synthetic_claude,2025-08-19T12:05:00Z
9,string,String Futures Trading Volume Hits Record High on COMEX,"Trading volume for industrial string futures on the COMEX exchange reached an all-time high yesterday, with over 85,000 contracts changing hands. Hedge funds and commodity traders are betting on continued supply constraints through year-end.",synthetic_claude,2025-09-23T15:40:00Z
10,string,EU Proposes New Sustainability Standards for String Production,"The European Commission unveiled draft regulations requiring string manufacturers to reduce carbon emissions by 40% by 2030. Industry groups warn the rules could increase production costs by 15-20% and drive manufacturing outside the EU.",synthetic_claude,2025-10-17T09:55:00Z